,Atelectasis,Cardiomegaly,Effusion,Infiltration,Mass,Nodule,Pneumonia,Pneumothorax,Consolidation,Edema,Emphysema,Fibrosis,Pleural_Thickening,Hernia
00025761_011.png,0.10666072,0.00609684,0.38672444,0.17980334,0.12106487,0.051573753,0.008653522,0.20890859,0.034330845,0.0018151402,0.033385783,0.029196471,0.28101358,0.0024645762
normal_1152.png,0.0048543215,0.0681473,0.014416069,0.1407677,0.0054706335,0.020234704,0.008216679,0.020427525,0.012753099,0.00837636,0.0033187568,0.0094744265,0.010960016,2.7603444e-05
00025701_000.png,0.01149109,0.00039854646,0.0140756965,0.09375924,0.004221618,0.03698644,0.001965642,0.04792452,0.004914105,0.00013920665,0.032167852,0.0383974,0.032889865,0.0006666352
normal_502.png,0.009966493,0.0002899468,0.011651039,0.071478814,0.02869019,0.014752239,0.0022220314,0.13863799,0.0191966,0.0005479455,0.047511995,0.009878844,0.024813421,0.00012423152
normal_196.png,0.013693213,0.03882709,0.027449131,0.06743407,0.07320422,0.011234641,0.0021459162,0.053171515,0.01865521,0.0018675923,0.027115196,0.0029614568,0.01761615,0.00042843446
00004547_014.png,0.024241567,7.709861e-05,0.007946879,0.119856715,0.052491426,0.09603429,0.0038221478,0.012447625,0.011844665,0.0003774464,0.01703453,0.021777809,0.046342064,0.001455408
00006996_006.png,0.29678756,0.0020234287,0.654242,0.17765674,0.015859276,0.013317674,0.008350074,0.011710882,0.15486935,0.019545764,0.0019035637,0.0004595518,0.0068500745,6.873855e-05
00025709_000.png,0.006533593,0.0006402135,0.006315589,0.15452063,0.007881969,0.033674657,0.0023207963,0.013479233,0.004565686,0.00024029613,0.0022764504,0.0028555691,0.0068843937,7.384744e-05
00026421_003.png,0.03783202,0.0008919239,0.05506444,0.34454092,0.026020557,0.08129585,0.04993415,0.0034573078,0.04635805,0.07064137,0.00021398067,0.0037107766,0.017106952,2.2845443e-05
00025754_001.png,0.600752,0.012951225,0.72481275,0.29139394,0.022498429,0.017843872,0.027564049,0.023124397,0.14424077,0.003968686,0.0023050606,0.0030005872,0.019019438,0.0018615093
covid_355.png,0.045713246,0.035146713,0.014032483,0.0554564,0.018987745,0.0884949,0.0020685196,0.0030354261,0.00433895,0.0003325343,0.015987545,0.009870291,0.012439603,0.006195805
covid_187.png,0.031816334,0.0026239753,0.033184975,0.36835545,0.013680369,0.042802334,0.033591717,0.021591514,0.092651546,0.069039404,0.003554821,0.017858207,0.017515907,3.5364916e-05
normal_1156.png,0.02178505,0.011490852,0.10715723,0.0613935,0.11056352,0.012733996,0.0029685497,0.03471473,0.029195875,0.0026192963,0.018549204,0.0032511652,0.022772677,0.0002879729
normal_426.png,0.023712069,0.023453832,0.034626126,0.0898208,0.033327013,0.016405791,0.0031978488,0.22552037,0.014495522,0.0022056699,0.09588015,0.00858897,0.050030757,0.00043846795
00025801_000.png,0.0076836646,0.0003902018,0.006868601,0.1343996,0.0076568127,0.04457909,0.0018043816,0.020743608,0.0047867596,0.00017088652,0.0025414526,0.006018132,0.008314843,0.0002301773
00025725_001.png,0.08700785,0.18314275,0.058467776,0.25440192,0.017143935,0.061877936,0.018620342,0.006182164,0.03564775,0.038804412,0.002677083,0.005892962,0.00852379,0.0007545034
normal_1106.png,0.0032177567,0.046186984,0.01046589,0.08499351,0.002161473,0.008517414,0.0019586086,0.005907327,0.0038363934,0.0006733835,0.0008780956,0.0036373138,0.0037884547,5.5852903e-05
normal_902.png,0.039079636,0.02440092,0.04485917,0.18975508,0.051529378,0.027858585,0.008161038,0.26874346,0.052487165,0.013931155,0.102630615,0.0038548708,0.02901666,0.0002048248
covid_299.jpg,0.14513007,0.0073357522,0.39735848,0.23304561,0.17517188,0.05456981,0.013572156,0.10543454,0.16348353,0.018338412,0.06675169,0.0047023892,0.06744322,0.0010254463
normal_1411.jpeg,0.008491218,0.028425187,0.00820303,0.10535085,0.0044088066,0.013885081,0.0028015971,0.0043358207,0.0048479736,0.00066003203,0.0015927553,0.0065315366,0.007622026,0.00037741495
normal_99.png,0.032219827,0.0004644096,0.016303062,0.18926853,0.009311318,0.019938499,0.010493934,0.013265699,0.02244255,0.018730849,0.001584053,0.0017921329,0.0053703007,5.1652354e-05
normal_962.png,0.009510875,0.004344344,0.006253481,0.10301325,0.0066553056,0.01889649,0.0040097535,0.0049503446,0.0065378845,0.0009717047,0.0017947853,0.007067561,0.0104575185,0.00015719925
normal_940.png,0.0057993233,0.13973945,0.020506144,0.083897114,0.011992395,0.0077709258,0.0031222403,0.0026418567,0.0065428317,0.0013902783,0.00058850646,0.0035218894,0.005809375,0.0001993355
normal_1196.png,0.008567989,0.029252619,0.016198307,0.1400331,0.0033024848,0.01829046,0.007847875,0.0063060224,0.009604454,0.006803572,0.0015902519,0.0039310753,0.0056035365,3.7957747e-05
normal_1064.png,0.003361553,0.08501348,0.0138549805,0.082888395,0.0018540621,0.004372835,0.0017569661,0.003768146,0.00411731,0.0009505749,0.00054877996,0.0010177493,0.0015420127,3.8922015e-05
normal_911.png,0.009294093,0.0026659966,0.014965713,0.09851721,0.066464365,0.039129585,0.0041620135,0.03842199,0.01723829,0.0016006529,0.016292542,0.003788352,0.012658398,0.0001877754
normal_1206.png,0.013279289,0.028314233,0.014004827,0.052307397,0.020973414,0.010463595,0.0021485686,0.0028204322,0.006624341,0.0010180175,0.003034681,0.0036269724,0.008264904,0.0007564588
00025787_057.png,0.002982825,0.0016047657,0.019728065,0.43550122,0.0062590837,0.12635541,0.0368703,0.2378299,0.037644893,0.064721495,0.041184604,0.022278547,0.01641955,8.2202695e-07
covid_292.jpg,0.20548052,0.015255064,0.13668376,0.52352154,0.122737974,0.09504834,0.05317107,0.07507846,0.1962468,0.04578516,0.016887039,0.00812003,0.03302988,0.00048826612
normal_561.png,0.00682649,0.00012862682,0.004788339,0.07773504,0.021791935,0.013038725,0.0018778741,0.12366378,0.017094135,0.0006669462,0.026114464,0.0028224885,0.008891044,4.529775e-05
normal_1461.jpeg,0.011897355,0.0001205802,0.011520505,0.34042957,0.050482422,0.114305794,0.046576142,0.014894992,0.08187625,0.025031984,0.0005456805,0.034955084,0.031841714,1.1693638e-05
normal_443.png,0.013236403,0.0025092661,0.019808799,0.12259275,0.018609077,0.022454709,0.0036060214,0.13614386,0.012450576,0.001164794,0.040035725,0.009693682,0.033319082,0.00026496695
covid_245.jpeg,0.012232542,6.553531e-05,0.005739063,0.12592313,0.10366145,0.26172686,0.0036204457,0.023658961,0.014186174,0.00048190355,0.01660046,0.014627755,0.026802327,0.00058390095
00025724_001.png,0.12391558,0.0070859194,0.50176424,0.11545026,0.45859715,0.095754415,0.0128287375,0.015273422,0.11470801,0.006387174,0.0056605637,0.012150764,0.080316775,0.0034174428
00002720_011.png,0.39953995,0.012378901,0.12019351,0.23043588,0.013612211,0.008348376,0.007537514,0.015164971,0.10134825,0.013525397,0.015057802,0.0005180836,0.0037439174,0.0003736116
normal_268.png,0.004237771,0.007977158,0.0042549074,0.10794222,0.0035828352,0.008622378,0.002969563,0.005414963,0.006760001,0.0007959902,0.00035822392,0.0021672845,0.0029814453,2.6762747e-05
00025679_000.png,0.037685394,0.0007903278,0.058012784,0.09659782,0.0663566,0.034638464,0.0042071044,0.054360002,0.016690195,0.00030100346,0.01576525,0.0773496,0.09929945,0.0024845484
normal_609.png,0.022013694,0.009991109,0.021769404,0.14391366,0.035565197,0.015233517,0.0077180564,0.016109437,0.039018214,0.0061284006,0.0049297214,0.0064298213,0.020053461,0.0002090983
normal_1153.png,0.0056287944,0.007204145,0.0063925385,0.10554373,0.0035922825,0.016814321,0.00301224,0.0232718,0.0065460503,0.0013654828,0.0048010945,0.005591929,0.0063785124,7.0534334e-05
covid_372.jpeg,0.00851804,0.0030103624,0.10873008,0.41430098,0.15491846,0.16288576,0.056110233,0.02631998,0.12192944,0.126892,0.001205951,0.006466806,0.03411664,6.774198e-06
normal_611.png,0.010815501,0.2158635,0.052017093,0.13560113,0.0026343465,0.0049533546,0.004421383,0.007142842,0.013097018,0.012445033,0.0018425584,0.0018606484,0.0041849674,7.7628734e-05
00025810_000.png,0.027752668,0.31453913,0.07375991,0.1468786,0.0015279055,0.012306154,0.0035841763,0.0038250685,0.004725665,0.0019242167,0.0009417236,0.012158185,0.0074268254,0.001234475
normal_243.png,0.016944587,0.0018038452,0.045829386,0.0954546,0.03420958,0.010330766,0.0032004714,0.18159983,0.034025252,0.008324206,0.23959374,0.0005632937,0.006005195,1.9187566e-05
00025688_002.png,0.011495411,0.0025348663,0.02784735,0.13662642,0.0067028105,0.016785622,0.008061677,0.0039574504,0.009157062,0.0021626651,0.00011250377,0.0032574534,0.0055749007,5.0391078e-05
normal_1058.png,0.01378274,0.024749905,0.020409256,0.13881621,0.05733949,0.014979154,0.0062897503,0.111719996,0.04043883,0.011135519,0.048323214,0.0013545752,0.005796129,0.00010732285
00004858_043.png,0.29437906,0.014390171,0.16908294,0.26102072,0.08264044,0.083148986,0.019849896,0.3305959,0.06883532,0.0069611073,0.014089674,0.008110255,0.0850353,0.00086763245
00025777_002.png,0.049689144,0.001145035,0.014399916,0.1512681,0.25824827,0.41462153,0.011168063,0.010428041,0.024884135,0.0045124292,0.002115339,0.003766179,0.007886264,0.0012037056
covid_191.png,0.038909525,0.016494304,0.028986424,0.2821846,0.04398814,0.040798932,0.023205906,0.011452496,0.048350036,0.01944524,0.0025446415,0.011383146,0.024759684,0.00037202556
00025734_004.png,0.48773932,0.028066546,0.119209796,0.20443061,0.008217007,0.028686434,0.023222089,0.040670037,0.048120767,0.013341218,0.003748715,0.009885997,0.010471701,0.0015739782
00025800_009.png,0.139054,0.0014458895,0.5629404,0.13852581,0.07507336,0.05771631,0.0061406493,0.20855847,0.035309106,0.0019141436,0.017950118,0.016738772,0.1463681,0.0015577268
00028874_001.png,0.20416772,0.005782932,0.07171145,0.09863189,0.038262576,0.031524688,0.0071766973,0.11994308,0.019717246,0.0013596416,0.036695242,0.02534762,0.08366574,0.005278694
00025787_014.png,0.015505016,0.008133113,0.141161,0.58896476,0.017492682,0.113656044,0.08390814,0.011706591,0.093187034,0.15502056,0.00065365434,0.0030533671,0.020043774,1.8050332e-06
00021694_000.png,0.09642148,0.02247706,0.021900564,0.13008612,0.007814765,0.039332718,0.00616014,0.0046594143,0.006402135,0.00060242414,0.009254396,0.043168694,0.023054512,0.01800523
normal_333.png,0.0056839883,0.03890568,0.014047116,0.0838401,0.010484964,0.010518998,0.003561139,0.013092071,0.010381639,0.003763646,0.0031108856,0.0028719604,0.0056001362,7.163135e-05
00025683_002.png,0.24097097,0.000842005,0.08173609,0.27164927,0.008133084,0.06557357,0.037346065,0.03328806,0.03381136,0.016279101,0.002970934,0.011968732,0.020912306,0.0003101285
00025773_000.png,0.005502373,0.00038167834,0.003569156,0.16035888,0.0045880973,0.023680955,0.0031691492,0.0053215027,0.0060142577,0.00025978684,0.00049871206,0.0033933818,0.005426938,6.702887e-05
normal_1254.png,0.006341338,0.053573996,0.021911085,0.07867968,0.0027580261,0.004443735,0.0019445121,0.009836346,0.0050038695,0.002151847,0.003699869,0.00124529,0.0036728373,5.4177188e-05
normal_1198.png,0.004715711,0.05356571,0.017246187,0.16909757,0.0020928085,0.015860379,0.0086045265,0.0027587712,0.0075310767,0.0048882365,0.00013750792,0.0024546385,0.0038004192,1.0623315e-05
normal_478.png,0.0069779754,0.0039584637,0.0076247454,0.069441855,0.05585587,0.01449874,0.0029569566,0.018521547,0.016492188,0.0014380813,0.0063869357,0.004801154,0.013162383,0.00010720001
00025761_010.png,0.14954585,0.014360577,0.41068062,0.21979299,0.07641122,0.035364658,0.0097105205,0.28899652,0.042418778,0.0025468767,0.04782349,0.014125645,0.2696284,0.0014964902
covid_26.png,0.08676833,0.06662613,0.07844558,0.21826431,0.012428224,0.02481848,0.016533077,0.009496301,0.03910643,0.040869325,0.0024671257,0.009867907,0.015026967,0.00031625747
00025680_007.png,0.005663067,9.396672e-05,0.0019893646,0.14793965,0.006984234,0.026122361,0.003724426,0.0052676797,0.006840557,0.00023499131,0.00056117773,0.0055446327,0.007082663,4.8651767e-05
normal_1340.png,0.011837989,0.19411132,0.0408563,0.1860536,0.014895529,0.01182121,0.006532967,0.07159144,0.0305444,0.027250677,0.032605767,0.0020788014,0.006022329,9.033757e-05
normal_533.png,0.009157628,0.02258566,0.0111557245,0.06787202,0.012531936,0.01008755,0.0023926497,0.0664984,0.012036324,0.0036028028,0.02793321,0.0034154952,0.007745107,0.0001086313
00025717_000.png,0.034896404,0.009901196,0.014497638,0.15104508,0.011468887,0.030298263,0.0051379204,0.0011455119,0.006373614,0.0011134744,0.00050774217,0.002352327,0.0051327837,0.0008176519
covid_278.jpg,0.064636976,0.0015082359,0.057670712,0.3589631,0.050951988,0.059175223,0.026789904,0.0218243,0.103153855,0.051681638,0.0056339204,0.0024810135,0.008723342,7.7234065e-05
00025768_001.png,0.20920843,0.0011165142,0.05186683,0.2064496,0.0407331,0.11896694,0.030607045,0.0031926036,0.029285997,0.0038684905,0.00097352266,0.014377505,0.017523227,0.0021078899
00025761_002.png,0.11753881,0.022194445,0.5462454,0.20232996,0.11461803,0.06210342,0.010074973,0.09152791,0.03963688,0.0032357872,0.015072525,0.04400322,0.32947466,0.0031261353
covid_143.png,0.013020575,0.008597314,0.07723564,0.50808585,0.08989552,0.20274913,0.07535958,0.02768898,0.103324205,0.08858299,0.0006156266,0.0047973394,0.02727265,9.470767e-06
normal_117.png,0.04002124,0.0070619583,0.021972358,0.110008985,0.4974005,0.03763169,0.005186051,0.012313813,0.06128201,0.00218153,0.0048775673,0.0055341423,0.024512354,0.0013856224
normal_326.png,0.009452701,0.16891205,0.039224654,0.1038751,0.0012327731,0.0039915442,0.0026744604,0.035179317,0.0078105032,0.009494305,0.01664269,0.0013192892,0.0033528479,2.2927004e-05
covid_24.png,0.012947321,0.00036665797,0.009453267,0.11689246,0.013263971,0.029281795,0.0045245886,0.32075748,0.019801617,0.002099067,0.068139195,0.0037706196,0.00879899,6.318393e-05
covid_110.png,0.026631504,0.0076081455,0.10325757,0.13377327,0.0797033,0.03765276,0.022772372,0.10543916,0.083634675,0.00842765,0.027516335,0.11022365,0.08641188,0.00077098864
normal_1230.png,0.009028554,0.044332564,0.013111979,0.10013366,0.007986814,0.011951357,0.005898237,0.0044902265,0.012947649,0.005131334,0.001267761,0.0059337914,0.0071294676,0.00011178423
covid_389.jpeg,0.043234706,0.0002554655,0.024701446,0.23259568,0.051718235,0.24151906,0.009041935,0.21948612,0.034688205,0.0066562295,0.07851297,0.03187087,0.047016658,0.0003431501
00025723_000.png,0.2547635,0.12997884,0.8345752,0.25243133,0.030096889,0.02229619,0.016578764,0.034131438,0.13192862,0.01342091,0.001768589,0.005225301,0.03313485,0.0015165298
normal_628.png,0.015007138,0.0031132102,0.011765003,0.13996798,0.016614795,0.021050394,0.008400083,0.036425292,0.022271484,0.0066672564,0.0043884516,0.005510688,0.0110568,7.827679e-05
normal_1506.jpeg,0.01790291,0.0009473264,0.017881662,0.11512217,0.06756145,0.019731373,0.005898237,0.13282567,0.047529668,0.002324462,0.04730609,0.015411645,0.050781254,0.00017025412
covid_173.png,0.013492405,0.0009147525,0.014371246,0.26342237,0.070581675,0.33622575,0.019053787,0.019321024,0.038279504,0.0060982704,0.012022823,0.05209428,0.031978913,0.0002045044
normal_193.png,0.0061037242,0.0142172575,0.006724119,0.08788416,0.028265864,0.014017433,0.0047330856,0.010680765,0.016897947,0.0032990277,0.0015930831,0.003098011,0.0055728494,7.357864e-05
covid_337.jpg,0.0051397383,0.0011156499,0.0016685426,0.031333923,0.0076560676,0.015452921,0.0010350347,0.0016940832,0.002572,0.0003758371,0.00012257695,0.0007510185,0.0015304886,2.6082793e-05
normal_1287.png,0.004698664,0.0062136054,0.0051285625,0.11956373,0.0042913854,0.011195719,0.004274279,0.026044846,0.0083322525,0.003490299,0.002786547,0.0019358695,0.0034427503,1.9158968e-05
00025806_003.png,0.027485132,0.0005747676,0.0433051,0.27846897,0.26946038,0.58272,0.015611172,0.009759635,0.050013334,0.037394613,0.0010680258,0.006526381,0.013033518,9.4174444e-05
covid_179.png,0.01226303,0.0042271316,0.014643699,0.23895216,0.0026721358,0.012516946,0.00863573,0.09049174,0.027917117,0.037089765,0.032870114,0.00049477816,0.0014386497,2.0219281e-06
covid_328.jpg,0.029056996,0.00075280666,0.03972569,0.36082822,0.095275134,0.37369215,0.018900216,0.14718905,0.04977405,0.022260994,0.032359272,0.028129637,0.041499943,7.2048475e-05
00009453_001.png,0.01180926,0.0054786205,0.0048455894,0.027074188,0.00846526,0.01861918,0.0022012293,0.008902073,0.007853717,0.0017673075,0.0017875135,0.0057448447,0.0051995697,4.0323568e-05
normal_1052.png,0.0031542182,0.008638501,0.00669387,0.079868644,0.010644972,0.016649663,0.0037861764,0.0052090883,0.007983983,0.0020665526,0.00039604306,0.0024697185,0.004135178,2.2434775e-05
00006689_001.png,0.33763215,0.013056338,0.0999158,0.29056206,0.009165466,0.012027979,0.014967859,0.003220737,0.077450156,0.034552336,0.0012122691,0.00069984794,0.0031361638,0.00015029716
normal_418.png,0.010209858,0.009479374,0.03244829,0.19620314,0.0034832656,0.012166798,0.012402743,0.0071907938,0.020373166,0.03438002,0.0004377663,0.0010349452,0.0036222239,4.2031943e-06
00025733_000.png,0.0036323965,2.9414892e-05,0.002714038,0.069708556,0.014577299,0.03721541,0.0026792586,0.006090969,0.0059376955,0.0003758669,0.0018212497,0.009242326,0.014448137,2.2577136e-05
normal_560.png,0.0036249459,0.000908196,0.0076257586,0.121483475,0.0026101768,0.009022206,0.0035547912,0.017676055,0.008502692,0.0014458299,0.0008728206,0.0010702014,0.0022541378,4.998644e-06
00025789_004.png,0.078258544,0.2048477,0.11767307,0.18624899,0.0019368231,0.014161587,0.007605344,0.0030438602,0.009934455,0.006596625,0.00054240227,0.0065811276,0.0075361705,0.0012262072
00027592_013.png,0.25906354,0.0015113652,0.058458835,0.16991338,0.02237925,0.043196052,0.0048829615,0.42999107,0.033104897,0.001765728,0.6757281,0.000549376,0.008633095,9.910321e-05
00025800_004.png,0.048083514,0.00019267201,0.0761272,0.056639075,0.029782295,0.043305278,0.002359122,0.6501969,0.011033088,0.0008289516,0.19329837,0.01972881,0.064897954,0.0005247336
covid_134.png,0.022249132,0.0007966757,0.007374257,0.1726211,0.007649988,0.03148046,0.0023549497,0.008635074,0.0042284727,0.00012382865,0.013657153,0.010457128,0.012120764,0.0015767547
covid_477.jpg,0.016005188,0.00026500225,0.042509794,0.18004537,0.06902385,0.422214,0.0075160265,0.10698232,0.02631542,0.006955296,0.010226011,0.049627393,0.07800701,8.3444145e-05
covid_100.png,0.00766173,0.0010697246,0.007987589,0.03934595,0.04636526,0.015528917,0.005156249,0.010649025,0.019267112,0.001311183,0.0008573234,0.019866198,0.014220526,7.158e-05
normal_1124.png,0.02892679,0.00038185716,0.057457745,0.17421365,0.11545223,0.027441889,0.013921261,0.041133374,0.06235394,0.006359488,0.0038636923,0.015058458,0.074676104,8.671528e-05
00025776_000.png,0.122433245,0.000310719,0.0081528425,0.16796014,0.0053362846,0.028104901,0.010637224,0.0053530037,0.0078592,0.0008047819,0.001511544,0.009643137,0.009019751,0.0005782463
00018224_015.png,0.07877231,0.013872176,0.05221063,0.40530637,0.037180185,0.07531604,0.034026146,0.06490639,0.083676904,0.042016745,0.021320581,0.030411094,0.030668676,0.00031245078
normal_568.png,0.0078808665,0.068508565,0.017804325,0.08192879,0.008222491,0.010527372,0.002900213,0.06306377,0.009616822,0.005291939,0.022964537,0.0028020442,0.006207934,7.919746e-05
covid_171.png,0.012588084,0.0013994873,0.020296514,0.28161126,0.07102212,0.35247838,0.021729678,0.019967467,0.037227392,0.012670577,0.0075654984,0.03295505,0.025569556,0.0001277347
00025693_000.png,0.07720482,0.0015444756,0.21686345,0.08308947,0.019369781,0.05148852,0.00813064,0.1397407,0.01619041,0.0012785494,0.027278721,0.19665831,0.1357651,0.0050342698
00018186_015.png,0.09883377,0.001336515,0.014768183,0.19105914,0.009243667,0.04147598,0.019426078,0.002101779,0.015372455,0.003172636,0.0016971529,0.0077517033,0.013654312,0.00077572244
00023255_000.png,0.50048804,0.0020669699,0.018663675,0.10402462,0.0071106553,0.023730636,0.0087685585,0.0018402934,0.0076749623,0.00019904971,0.0033961236,0.02027455,0.007720126,0.011111949
00025707_011.png,0.58504725,0.0060494244,0.34261888,0.340029,0.035174787,0.074249566,0.041656584,0.077013105,0.14547119,0.010738701,0.005044788,0.0048411787,0.015274664,0.001397118
normal_1336.png,0.055917174,0.0030243099,0.060249686,0.11027935,0.04342547,0.019911617,0.005437553,0.076155454,0.03523943,0.007825166,0.07583055,0.0035871863,0.018233534,0.00041429006
00002022_005.png,0.020880818,0.0007157624,0.0022427142,0.042329937,0.007726252,0.01514554,0.0013948381,0.0013785064,0.0021081567,0.00034102798,0.0005917549,0.00071305037,0.0015741902,0.00018548784
00010007_173.png,0.17813301,0.037791103,0.43491375,0.23837572,0.052226245,0.01960352,0.015603125,0.038268805,0.09037164,0.028669566,0.0047899187,0.00715816,0.12832028,0.00038612564
normal_38.png,0.00540635,0.017013192,0.00795871,0.09277737,0.0032418072,0.009718686,0.0037154257,0.0095666945,0.006970614,0.003582418,0.002393484,0.002231121,0.0038113676,2.9410268e-05
covid_83.png,0.42108852,0.0013769567,0.061875522,0.17136663,0.013534427,0.05544421,0.034270465,0.067239374,0.03235671,0.0047373176,0.005053371,0.09739241,0.0377392,0.0023534691
normal_484.png,0.00788641,0.0035138428,0.009820968,0.09401417,0.030345976,0.015532732,0.004633695,0.016565114,0.020641804,0.0025985837,0.002848953,0.0070772767,0.015019699,8.266986e-05
covid_441.png,0.06419349,0.028204441,0.01796323,0.048222393,0.017491102,0.034426093,0.001812458,0.016115278,0.005009562,0.00055131316,0.07600093,0.010048062,0.016918331,0.0137263015
normal_423.png,0.013517886,0.0010325015,0.0217295,0.21675372,0.0141068995,0.017399132,0.013732761,0.040716678,0.054704368,0.03292048,0.0033599436,0.0029858649,0.006898874,1.0829626e-05
normal_438.png,0.01820764,0.123297185,0.034288466,0.14579144,0.010711938,0.0113796,0.007189423,0.035790384,0.023462445,0.015172571,0.011019945,0.0050429106,0.011264831,0.00021366638
covid_122.png,0.09760085,0.0018609762,0.09813678,0.17635795,0.03926292,0.13430876,0.018021673,0.022490352,0.041552007,0.0075828135,0.016943693,0.057632595,0.046712726,0.0034815245
00025723_001.png,0.2042,0.3260283,0.8137799,0.3520893,0.036852628,0.029217392,0.027443945,0.037752837,0.12057403,0.036017984,0.0017068982,0.011358649,0.09061251,0.0008780872
00025707_019.png,0.10460597,0.0142893195,0.65329427,0.24526891,0.36218482,0.3846201,0.027059764,0.058630645,0.105564535,0.02450785,0.0049033463,0.025088757,0.09536407,0.0022571685
normal_816.png,0.0054698586,0.092438966,0.016786814,0.060082674,0.0011542737,0.0035808384,0.0016347766,0.00621143,0.004197657,0.0029737055,0.0014954805,0.0011207461,0.0021925275,2.0411946e-05
normal_1097.png,0.010046661,0.0009882152,0.009979546,0.0934619,0.01787439,0.013592005,0.0030823648,0.049249947,0.015229464,0.0019804835,0.011167914,0.0030900836,0.009942392,8.83179e-05
normal_199.png,0.0066593587,0.005596608,0.014506936,0.051460236,0.037224174,0.0069065094,0.0018436611,0.028676242,0.01724875,0.001401633,0.015500426,0.0013587177,0.005834332,6.978734e-05
normal_379.png,0.0062516034,0.00631848,0.008254677,0.08957735,0.002384752,0.00753811,0.0032325387,0.005730808,0.005777806,0.0016180277,0.0006184578,0.0023195744,0.003487981,2.7431926e-05
00025694_006.png,0.034321338,0.0005232096,0.0035284162,0.1556328,0.0059850514,0.018207341,0.004106015,0.0011873841,0.003968656,0.00022950768,0.00038957596,0.0038711727,0.0045562675,0.00028127414
00002437_032.png,0.0022590756,0.007898182,0.019106627,0.5306958,0.005169153,0.06999597,0.07612017,0.08544752,0.05963096,0.14960855,0.010426164,0.005131066,0.0096254125,2.522025e-07
00025695_008.png,0.15843111,0.0024675727,0.06857371,0.14779982,0.1646015,0.21147376,0.007987797,0.580458,0.037752956,0.0029893517,0.45695904,0.007637769,0.047623087,0.0017716931
00025707_009.png,0.6021688,0.006931275,0.28482807,0.37194082,0.013213754,0.026832283,0.033434033,0.016790211,0.14876738,0.013311714,0.0019488037,0.0023615658,0.008954675,0.0007675345
normal_1488.jpeg,0.043658912,0.005842209,0.04082653,0.112469435,0.25092125,0.031710535,0.006162733,0.07725623,0.07566327,0.0023800433,0.039731055,0.017540306,0.09580144,0.0010303496
normal_52.png,0.008815825,0.0032728314,0.016968518,0.14505616,0.036017478,0.051906258,0.009971321,0.16251794,0.02466935,0.006863296,0.036609173,0.010341287,0.018406691,9.5188625e-05
normal_44.png,0.00510931,0.060007453,0.012964547,0.10483286,0.0018677115,0.005865723,0.0028804243,0.00946331,0.0061000884,0.0031273067,0.00153777,0.0011066496,0.0017077732,2.7819751e-05
00025707_010.png,0.3122232,0.010688603,0.8017342,0.32940233,0.019156814,0.056904793,0.031028777,0.05464366,0.091219515,0.032031983,0.0022506714,0.013156265,0.03464921,0.00045421722
normal_720.png,0.007086277,0.006084442,0.0077939928,0.105091065,0.008003324,0.016417623,0.0048424304,0.02609545,0.01072982,0.0021061897,0.005483508,0.008012623,0.011346904,7.716229e-05
00025772_000.png,0.396362,0.01672858,0.81776893,0.25514385,0.048532605,0.03368613,0.021343261,0.07340643,0.12759048,0.008628577,0.00532946,0.005306244,0.024227532,0.0017226049
covid_452.jpg,0.064636976,0.0015082359,0.057670712,0.3589631,0.050951988,0.059175223,0.026789904,0.0218243,0.103153855,0.051681638,0.0056339204,0.0024810135,0.008723342,7.7234065e-05
normal_1102.png,0.0068597496,0.08953336,0.022879273,0.12532046,0.0032103062,0.011296093,0.0032878518,0.008980155,0.005301416,0.0017011762,0.0019201636,0.0036209226,0.0052659255,0.00014862731
covid_31.png,0.035440147,0.0070557,0.013987929,0.0894036,0.039364815,0.14805001,0.0050937235,0.047694087,0.011580259,0.0016017854,0.06156665,0.035247773,0.040381353,0.0027835574
normal_702.png,0.016377985,0.009701818,0.017929405,0.06897879,0.046218693,0.01058507,0.0027780533,0.05308211,0.025255352,0.0035199523,0.021003902,0.002135098,0.007624954,0.00014768461
00025787_016.png,0.08953476,0.3004563,0.40381107,0.53095806,0.06272793,0.08157846,0.08195579,0.048467964,0.13446051,0.106346846,0.005282551,0.015828103,0.12379455,0.00027690985
00011731_006.png,0.09284991,0.09529337,0.04380226,0.20741683,0.007431835,0.0088887215,0.0057912767,0.0076323748,0.030253857,0.031019598,0.0024190843,0.00076785684,0.002430544,0.0002612187
00025788_000.png,0.044635504,0.00017642975,0.02006185,0.11175609,0.027127296,0.051725626,0.003437996,0.024592936,0.011812538,0.00013592839,0.02442184,0.05383742,0.045604326,0.01070316
normal_1074.png,0.005284488,0.0679529,0.014312297,0.088660985,0.0012584329,0.005631894,0.0022965968,0.0036889017,0.004211813,0.0026289523,0.00038534403,0.00093859434,0.0019950925,2.2792106e-05
normal_909.png,0.016495138,0.002104789,0.010224968,0.12615779,0.025206983,0.024948418,0.006115824,0.060471565,0.022600979,0.0045259297,0.015221834,0.003947437,0.009695045,0.00016872917
normal_523.png,0.005731374,0.009285092,0.0078064203,0.09068972,0.0038715005,0.008364022,0.0027437508,0.012507886,0.007428199,0.0039165914,0.0029222965,0.0007982552,0.0020213355,2.3003438e-05
00025752_001.png,0.3114037,0.013149679,0.5079703,0.27510813,0.031929046,0.04553908,0.029190153,0.05846238,0.12380105,0.020454854,0.0027823746,0.0073666573,0.026973998,0.0009423776
normal_1151.png,0.012320757,0.0029660463,0.051771194,0.037244737,0.08087644,0.014422804,0.002078116,0.05039382,0.02059576,0.0013677776,0.13005158,0.0045731664,0.018275345,0.0002933365
covid_23.png,0.014727086,0.0017169118,0.014052004,0.15845647,0.013050675,0.03381443,0.009591579,0.27677318,0.03560114,0.013640404,0.037500083,0.0067620873,0.01463809,4.2377018e-05
normal_856.png,0.007125467,0.0018729568,0.005403489,0.11566821,0.0030047,0.008220255,0.0025801659,0.0033002496,0.0048556626,0.00071144104,0.00043046474,0.0011892617,0.002304213,5.034439e-05
00025800_008.png,0.05218652,0.00043445826,0.29295647,0.08073175,0.045588583,0.037780315,0.002696693,0.4015846,0.013430357,0.0011794865,0.047583997,0.020419031,0.16174477,0.0004871106
normal_785.png,0.0329884,0.009682804,0.03011924,0.12928426,0.13474199,0.024427176,0.006085187,0.14871225,0.059866577,0.008162558,0.13104108,0.00512138,0.023941243,0.00039809808
normal_852.png,0.01771599,0.023437917,0.02220714,0.21077126,0.025737405,0.023103654,0.012758523,0.0037721694,0.034337908,0.023792446,0.00068995357,0.0026033819,0.0071068546,8.2468214e-05
normal_337.png,0.01291731,0.02077356,0.013524771,0.06822634,0.06353277,0.014589429,0.0032951236,0.012550682,0.019675761,0.0013436079,0.0065927804,0.008543879,0.01935679,0.00072538096
normal_460.png,0.0066348314,0.18412367,0.026233554,0.13072962,0.0022573173,0.00893414,0.0045631826,0.013547391,0.008781135,0.009385914,0.0028205812,0.0034022033,0.005212322,4.8326743e-05
00025768_006.png,0.21969432,0.016459137,0.57653433,0.40748256,0.056993872,0.21202028,0.06078109,0.01874867,0.097828865,0.05537063,0.00096684694,0.017811537,0.066650406,0.00029373192
00004991_004.png,0.055554926,0.003471762,0.022904009,0.06653839,0.013872653,0.026446462,0.0026531518,0.019729465,0.010865182,0.0010427833,0.03763351,0.014070243,0.027993172,0.006102535
00007620_022.png,0.017837882,0.020720541,0.018475205,0.13299924,0.0012601018,0.010444492,0.0043097436,0.002132088,0.0048371553,0.0029315054,7.468462e-05,0.0012506545,0.0022395807,3.0143141e-05
00025779_000.png,0.003277868,0.00018814206,0.0030127764,0.1235573,0.0030470788,0.018908024,0.0024802983,0.011000216,0.004840672,0.00032913685,0.0009595156,0.0067016184,0.006223277,3.143604e-05
normal_1155.png,0.01632902,0.00928539,0.013645947,0.19627446,0.048745036,0.04272738,0.017159075,0.026817113,0.037952483,0.012476116,0.005088508,0.011649668,0.019469151,0.00015142912
normal_658.png,0.014280945,0.0017632544,0.01740858,0.07949373,0.17780134,0.01545769,0.0033168495,0.030596435,0.038935125,0.0013307631,0.02053821,0.0026482344,0.015292475,0.00019364973
00013894_015.png,0.3141665,0.09994492,0.44906992,0.34793735,0.0069116056,0.008582473,0.01682648,0.0069728196,0.18473956,0.06521654,0.00069376826,0.0004977286,0.010320192,6.625642e-05
covid_13.png,0.04902312,0.00623402,0.031684905,0.5083221,0.11040646,0.1768974,0.065954566,0.019061238,0.1791834,0.041067213,0.004551977,0.04563299,0.054456227,0.00020727784
00025787_018.png,0.0042050183,0.0062126517,0.12923032,0.50623566,0.014495224,0.107794195,0.043677747,0.215485,0.05881226,0.046800137,0.010857344,0.0094741285,0.04082869,1.1309187e-06
00025798_000.png,0.015302837,0.019699901,0.013728738,0.14576232,0.0058807433,0.023638666,0.0057504177,0.002366066,0.0068660975,0.0018720925,0.00041994452,0.0031264424,0.0054191584,0.00021275603
00025787_048.png,0.014020503,0.0024799407,0.034480333,0.44554055,0.01208514,0.13038138,0.02496767,0.45720428,0.0337601,0.03104499,0.106447965,0.009186268,0.017158333,6.259546e-06
00004470_006.png,0.1069175,0.0037029982,0.06276071,0.11573538,0.009953946,0.012383431,0.005109906,0.047043055,0.028408855,0.036585927,0.008989096,0.0013535917,0.005788163,5.240822e-05
00003062_002.png,0.12447077,0.0007097125,0.039137304,0.12445742,0.014662415,0.02034071,0.0019891262,0.40309143,0.012711436,0.0023849308,0.45237043,0.0002963841,0.0071773096,5.6397163e-05
00027706_008.png,0.016717434,0.076952696,0.036460876,0.16631174,0.00282076,0.018820047,0.008479148,0.008888811,0.008210659,0.004582405,0.0012492537,0.008236259,0.011566504,0.00011471417
covid_118.png,0.059896022,0.025877714,0.015711576,0.068519086,0.038095802,0.082125455,0.0031861067,0.007860243,0.0073336065,0.0005184412,0.033832997,0.022980928,0.02271048,0.03663343
00025806_005.png,0.043188035,0.0013738871,0.1125941,0.33332464,0.34752697,0.42038423,0.028591156,0.022693872,0.09653464,0.029822588,0.001680553,0.03550616,0.06936988,0.00021223353
normal_313.png,0.031199485,0.0027571023,0.047909766,0.11886144,0.0046721995,0.014740586,0.0065398216,0.014961392,0.013294607,0.0052986443,0.0052320957,0.0028189123,0.008448307,0.00014925205
00025806_000.png,0.03034833,0.0024251044,0.11046526,0.14794195,0.50467604,0.530073,0.010084629,0.041455507,0.039848745,0.012344658,0.005006999,0.010311514,0.026655471,0.0007210359
00030240_000.png,0.016403675,0.030801713,0.013908744,0.17314133,0.0037409961,0.011993587,0.003129691,0.0021624863,0.0040048063,0.00042378902,0.00029411912,0.00295493,0.004121208,0.00030753892
normal_46.png,0.020622551,0.0034626126,0.03126064,0.0749467,0.12275565,0.018746823,0.004667431,0.13934758,0.0509516,0.002942592,0.21760732,0.0060486794,0.035341706,0.00033086987
00025811_006.png,0.025375217,0.00019434094,0.0073754787,0.057049543,0.01091814,0.0227921,0.0031549037,0.0017960966,0.0060802996,0.0017656386,0.0010324717,0.0021257997,0.0062709274,0.0002329661
covid_466.jpeg,0.012512267,0.019198656,0.034772784,0.29774153,0.018186182,0.34263313,0.032804728,0.016531587,0.025886774,0.03931111,0.0054436326,0.075862736,0.03206918,6.144934e-05
normal_1349.jpeg,0.017582506,0.0049054623,0.014514297,0.09715727,0.14172944,0.18018976,0.003396064,0.08121893,0.01426515,0.0012723804,0.114807546,0.008297354,0.023986693,0.0014500128
normal_1105.png,0.0044454634,0.09984061,0.018335164,0.07967445,0.002023071,0.004716724,0.0020921528,0.021863312,0.0060635805,0.005362928,0.0064144135,0.001419276,0.0030214766,2.3199156e-05
normal_627.png,0.005467087,0.05582413,0.018134207,0.13037083,0.0016140938,0.010166109,0.004793912,0.0077460706,0.0060508847,0.003666371,0.0010306239,0.002771169,0.005129756,1.978978e-05
normal_567.png,0.0073856115,0.027976662,0.025142044,0.04364139,0.063263595,0.0074729025,0.0013262928,0.03567967,0.009084135,0.0005970001,0.05437252,0.0039059222,0.021444684,0.00030878434
00025707_018.png,0.088269204,0.0019544363,0.55640846,0.12083632,0.40267858,0.5244841,0.009252787,0.18740553,0.052883953,0.009673834,0.015632778,0.010385394,0.065737724,0.0013579172
covid_112.png,0.025000036,0.037320733,0.03973797,0.2971691,0.12410587,0.06148109,0.052327186,0.038080037,0.15749308,0.015482366,0.0075081587,0.2348353,0.16746286,0.00051654375
normal_412.png,0.011953533,0.041372925,0.022090077,0.13818336,0.012184471,0.014519334,0.0046511292,0.019046396,0.013517171,0.0062760413,0.013504922,0.0019988418,0.005505555,0.0001846521
normal_927.png,0.024274856,0.023014784,0.043525398,0.084195405,0.07933226,0.01603046,0.0046002567,0.038458735,0.03121841,0.002898246,0.028202832,0.0071583986,0.027034093,0.00080452627
00026252_005.png,0.005979985,0.0004912019,0.0063653886,0.14473537,0.0043563545,0.013342977,0.0028199852,0.00398165,0.006242633,0.00036638975,0.00015839934,0.0014124215,0.004307927,1.9253976e-05
normal_288.png,0.044350028,0.0032029152,0.055585176,0.07653785,0.304353,0.024401218,0.003380686,0.04472521,0.06420377,0.0024504364,0.0603545,0.0018018782,0.014284901,0.0007233118
normal_110.png,0.024749398,0.011603534,0.016908497,0.1073001,0.1074633,0.051227033,0.006882727,0.020880938,0.027709246,0.0024549365,0.01998654,0.019237667,0.03046815,0.002300778
normal_719.png,0.0043965876,0.08606571,0.014923334,0.08515939,0.0013527274,0.0068834126,0.0025363564,0.0076653957,0.004529059,0.0028069317,0.0012708604,0.0026142895,0.003934443,2.8401697e-05
normal_301.png,0.002231717,0.023694843,0.006666571,0.06763545,0.001259923,0.0035131872,0.0017144978,0.0026921928,0.0035999715,0.0008634329,0.00029671192,0.000895977,0.0015733085,8.0117725e-06
normal_1368.jpeg,0.011901677,0.00011590123,0.0054543614,0.24368495,0.04013428,0.13206908,0.024248421,0.024310917,0.056184143,0.004548192,0.004949987,0.10479915,0.035925847,0.00012338246
normal_302.png,0.011862159,0.010689616,0.02554825,0.11872396,0.006403357,0.011934578,0.0047962666,0.048484564,0.012537658,0.0052577257,0.013807416,0.003342688,0.010967435,5.8885114e-05
covid_306.png,0.54099166,0.019417882,0.366786,0.26529968,0.15972722,0.030849785,0.024135977,0.04854378,0.17628467,0.0031394958,0.005937785,0.0046974123,0.03617191,0.0045364224
covid_242.jpeg,0.13444501,0.020616591,0.32448736,0.20114544,0.17048535,0.1601783,0.011628032,0.38049084,0.06088519,0.005547613,0.32039714,0.02121067,0.15349141,0.005240549
normal_1236.png,0.0057766438,0.00042328238,0.0043931007,0.12417409,0.0049372613,0.030265689,0.002511263,0.010242015,0.0047912598,0.0002528429,0.0035372376,0.010409862,0.009972303,0.00014149943
00025804_000.png,0.010990202,0.00037747622,0.007548809,0.16633773,0.0058802366,0.042960823,0.0023247302,0.01533553,0.0046744645,0.0002155602,0.009925008,0.012722164,0.015706873,0.00056246354
normal_214.png,0.0057686865,0.00082728267,0.0073476434,0.08033499,0.015721232,0.009297669,0.0018868446,0.044953674,0.0101106465,0.00085297227,0.016181827,0.0015291572,0.0057859654,4.6652945e-05
00025707_008.png,0.5346182,0.026265144,0.78956807,0.43885508,0.020143688,0.026760459,0.039542645,0.025136173,0.20154938,0.010977209,0.00088590384,0.0030384064,0.024376009,0.0009116755
covid_227.png,0.041661978,6.529689e-05,0.0138552785,0.13052547,0.01606828,0.085975945,0.007990658,0.0510529,0.012342483,0.001977861,0.015422344,0.017136455,0.018549439,0.00059291
00023315_000.png,0.023317546,0.00057309866,0.012538731,0.14890462,0.00339517,0.019926757,0.006369978,0.0035187304,0.005557984,0.0027077794,0.0004785359,0.0029687285,0.007466334,0.00010206317
normal_517.png,0.008370876,0.018778294,0.012842834,0.12580866,0.0052703917,0.009694308,0.005346477,0.017280102,0.012412161,0.0050374866,0.0021477044,0.0026081502,0.0056001768,3.642914e-05
normal_1270.png,0.011146188,0.006290406,0.015660405,0.12664363,0.0021505952,0.012909383,0.0047311485,0.017032593,0.0076378584,0.0040842295,0.0039693117,0.0025903583,0.0056177876,3.5820798e-05
00025695_003.png,0.016701996,0.0010367036,0.012263447,0.03994918,0.2819978,0.6078747,0.001670152,0.010964721,0.010462701,0.0013911426,0.0049031675,0.0021004379,0.005635273,0.0007542328
00025707_001.png,0.012218982,0.00065886974,0.009452999,0.12212163,0.008120924,0.08933863,0.0025825202,0.048719287,0.0066034496,0.00036206841,0.019216418,0.026976645,0.02102739,0.0015080832
normal_943.png,0.012530029,0.014416337,0.023103654,0.11784279,0.0072422624,0.011336297,0.004873514,0.02161318,0.010100454,0.0029506981,0.00417915,0.0042348206,0.011748697,9.4504336e-05
normal_143.png,0.00469023,0.038312137,0.010418922,0.06659636,0.0025376081,0.0055404603,0.0023248792,0.0058131814,0.005359113,0.0031178892,0.0008865893,0.0011885166,0.0023838696,1.8394694e-05
normal_1414.jpeg,0.003962815,0.025731564,0.00631845,0.090025276,0.0031279922,0.013434678,0.0026917756,0.0054222345,0.0050171614,0.0009352565,0.0014463067,0.005399227,0.0060740206,6.563266e-05
normal_820.png,0.010240376,0.00034710765,0.018904686,0.07688287,0.01937759,0.009976417,0.0039412677,0.022933483,0.023364723,0.003908813,0.0032750964,0.0027952492,0.008420499,2.871114e-05
normal_175.png,0.0046012998,0.02617541,0.008111417,0.095029384,0.014739782,0.010906935,0.0040552616,0.031008959,0.01536113,0.0063578784,0.005135238,0.0022643507,0.004202687,3.378162e-05
covid_183.png,0.0527924,0.001987636,0.05221215,0.059429705,0.028940618,0.01967892,0.0017730892,0.27428132,0.018532366,0.002207607,0.4182087,0.00042799115,0.0074774944,0.00015649902
00025692_000.png,0.04497695,0.0014039874,0.037538916,0.12063116,0.13795048,0.040074408,0.0050463676,0.05879289,0.03908193,0.0006162226,0.035201192,0.021762341,0.100235395,0.0013871354
covid_274.jpg,0.1563187,0.0059612095,0.31701517,0.40986368,0.43372154,0.11339596,0.031248778,0.021386921,0.23352978,0.03817579,0.004239291,0.0022648275,0.0324751,0.0002551302
00025761_013.png,0.07557258,0.0013293624,0.16866419,0.13540271,0.2767903,0.129567,0.0063918233,0.1668168,0.039593995,0.0011926293,0.040729254,0.049759567,0.26451167,0.0027413382
00025704_000.png,0.079811424,0.003144741,0.017009348,0.22744778,0.0027656555,0.00813663,0.009155273,0.0024217665,0.037605643,0.008729637,7.510185e-05,0.00010660291,0.0034383866,3.0121333e-05
normal_406.png,0.011738747,0.2610138,0.04743597,0.12071419,0.003882438,0.013573945,0.004606396,0.011951476,0.007379234,0.0042221844,0.0042289495,0.010127783,0.013762279,0.00028540773
normal_1214.png,0.0063962936,0.026747882,0.01344499,0.12115604,0.0024305284,0.006853372,0.0033785105,0.059706688,0.009114891,0.010563523,0.016614825,0.00088620186,0.0027044255,8.294076e-06
covid_263.jpeg,0.059618264,0.002203852,0.031736314,0.2005117,0.05232933,0.15671834,0.016660959,0.246357,0.033785343,0.008431852,0.12788126,0.01645109,0.024612034,0.00081940804
00025787_062.png,0.0057266057,0.0051841736,0.071911514,0.46730727,0.007217258,0.09337345,0.024861753,0.55713904,0.03287238,0.047216177,0.2755258,0.0071225464,0.017654475,1.7944997e-06
00025691_004.png,0.25286636,0.009264022,0.7922646,0.2749899,0.039833277,0.033616215,0.012099057,0.022188336,0.124462545,0.020218968,0.0014509261,0.0018450916,0.037679408,0.00022903891
normal_121.png,0.01636374,0.037033588,0.027141452,0.09336278,0.020357013,0.015939236,0.004397005,0.060486138,0.013088852,0.0033850074,0.023412019,0.0066977143,0.018621184,0.00027165326
00025812_000.png,0.13386983,0.00045865774,0.1518484,0.18384811,0.036931425,0.16566187,0.02402097,0.101293415,0.029284418,0.010217011,0.0064612627,0.031109631,0.04753196,0.0007862198
normal_178.png,0.0086040795,0.0074677765,0.0066805184,0.068820894,0.0039350986,0.008108556,0.0018681884,0.00901559,0.005513996,0.0016457736,0.0019614697,0.0013559163,0.0028752077,8.184874e-05
normal_674.png,0.0068096817,0.035636395,0.027823776,0.19378555,0.00270468,0.03133461,0.014979124,0.0069089234,0.010591358,0.01041019,0.00048270822,0.010480702,0.01230479,1.5451746e-05
normal_483.png,0.00440529,0.013134509,0.006935805,0.07666275,0.0033156276,0.0074424744,0.001961559,0.009717375,0.004720688,0.0008224547,0.0024654865,0.0032090545,0.0045768395,6.576711e-05
normal_1072.png,0.015948772,0.0014042556,0.010357738,0.074493885,0.27503294,0.022141218,0.0037910938,0.013947725,0.047652423,0.0012525618,0.010023326,0.010891557,0.027715862,0.00029444887
normal_284.png,0.012397081,0.0117331445,0.020479351,0.11021796,0.012931168,0.011305779,0.0056244135,0.04072225,0.018819869,0.0074955225,0.012780666,0.0034606159,0.009588197,5.6746147e-05
00025802_000.png,0.14236835,0.0054814517,0.46333554,0.17697057,0.65758926,0.09881717,0.013038039,0.025434047,0.10480568,0.00510934,0.002696246,0.029259682,0.25845245,0.002880511
00025787_040.png,0.043543518,0.0041699708,0.59563196,0.59147614,0.0098513365,0.09722918,0.041109145,0.050287396,0.08375019,0.19607428,0.0016503334,0.0033543408,0.030744893,2.2936038e-06
00025761_008.png,0.21884024,0.016865432,0.59514946,0.25794148,0.04390332,0.031249285,0.011586428,0.23572856,0.062654585,0.0028844476,0.03714782,0.011544406,0.21507189,0.0016815882
covid_307.png,0.6123096,0.021018595,0.5263091,0.33111563,0.006265223,0.007850736,0.016267031,0.01860705,0.20743984,0.0076797605,0.0075114667,0.0006544888,0.007969946,0.0004881351
normal_884.png,0.01520744,0.0030160844,0.015665978,0.09155613,0.04236722,0.01828438,0.003841579,0.188833,0.024026155,0.0039246976,0.095183045,0.0020343661,0.010390487,0.00012322162
normal_849.png,0.0273166,0.008670628,0.02394569,0.15166706,0.10256168,0.02340582,0.0072404444,0.17093647,0.06037715,0.009465843,0.072999686,0.0035752356,0.016780013,0.00023006386
normal_974.png,0.01147455,0.02224949,0.018369645,0.16835967,0.020031333,0.015743136,0.009117842,0.07480493,0.028376222,0.010073215,0.016343206,0.004556954,0.014317186,6.69427e-05
normal_457.png,0.0126589835,0.038485855,0.032544106,0.0801425,0.022581398,0.008314997,0.002633661,0.082704306,0.020099789,0.005669385,0.051962823,0.00255543,0.012067859,8.631598e-05
covid_273.jpg,0.049615175,0.004686713,0.29146737,0.36784738,0.51137936,0.17521307,0.035066485,0.0095306635,0.1862211,0.07117772,0.0008661449,0.0033880472,0.0374324,7.072588e-05
00025702_000.png,0.0383178,0.0013870299,0.011257917,0.18274057,0.0042225122,0.03757277,0.013694137,0.0028374493,0.009028643,0.004232824,0.00040760636,0.0036079288,0.007535749,6.9911024e-05
normal_550.png,0.0057379305,0.11206344,0.01824662,0.07907382,0.0028241277,0.0064884424,0.0024656355,0.013170958,0.005623907,0.0029470623,0.004050076,0.0031027496,0.00534699,7.6231765e-05
covid_62.png,0.012713879,0.019426614,0.03490022,0.30156773,0.017968893,0.3404585,0.033378333,0.016479522,0.026061863,0.04076323,0.0052925944,0.07351938,0.031555563,5.9806545e-05
00003669_005.png,0.15118718,0.00058332086,0.37908006,0.06815514,0.025460243,0.03031078,0.0029043853,0.5080848,0.013425678,0.001162678,0.3513878,0.011336684,0.09595862,0.0011648169
normal_69.png,0.010043681,0.009722024,0.013180435,0.099300295,0.029892772,0.017011255,0.0052783787,0.027266443,0.018053561,0.0032485127,0.006875634,0.009374648,0.019114705,0.0001582573
00025789_005.png,0.09777644,0.012650311,0.028657377,0.17514196,0.011178374,0.03174132,0.011066496,0.006900847,0.01014033,0.0022354722,0.00067964196,0.010141373,0.014290979,0.0017800269
00025800_001.png,0.0742715,0.00061276555,0.13429421,0.08095199,0.021150857,0.029296815,0.0027225614,0.49968672,0.01147604,0.00094279647,0.19666573,0.004337311,0.0468588,0.0006332712
00025732_004.png,0.04945126,0.6830622,0.2498354,0.19068089,0.0036015809,0.024419606,0.013487011,0.0010861158,0.02073741,0.044439673,0.0002719164,0.010704666,0.012940661,0.00044435856
00025780_000.png,0.016756713,0.0009952486,0.008287489,0.19601345,0.015779197,0.07279375,0.0117096305,0.011783302,0.012770027,0.0021950603,0.005108446,0.012340397,0.022166815,0.00018832191
normal_1067.png,0.011797637,0.023500174,0.015890688,0.07655516,0.09355834,0.011806279,0.002842456,0.007662356,0.018873692,0.0021555722,0.0033310354,0.0018368065,0.0069046095,0.00041528055
normal_663.png,0.024147809,0.0019251704,0.023587435,0.14746675,0.07348725,0.021049201,0.011074752,0.042273104,0.048167437,0.012014359,0.0063019097,0.0066975355,0.021982873,9.652977e-05
normal_264.png,0.01627484,0.0006926954,0.01300481,0.10293332,0.14093325,0.023774862,0.0046669245,0.12754488,0.06577751,0.0019467175,0.04776573,0.0055390894,0.021128526,0.00018035599
normal_1121.png,0.003617674,0.05300647,0.012639642,0.09824997,0.003982872,0.007695645,0.0027459264,0.002228409,0.0049801767,0.0011386275,0.00025582314,0.0018221438,0.0036453947,3.2444845e-05
normal_12.png,0.0048022866,0.048490614,0.01890704,0.054494113,0.003834635,0.0031542778,0.0015195906,0.007098943,0.005855173,0.002335906,0.0032185912,0.0009368956,0.0026942063,2.9950386e-05
00025712_001.png,0.061228007,0.0013465285,0.15096885,0.111047596,0.0036714077,0.03855744,0.0085603,0.11361572,0.008295685,0.0048518777,0.0051495135,0.049791545,0.048569664,0.00025581417
normal_1343.jpeg,0.010893196,4.7713518e-05,0.004910141,0.10687035,0.035519093,0.11215356,0.002760768,0.030194253,0.008887142,0.00032156706,0.008796364,0.0076019466,0.011658784,0.0004082178
00025781_000.png,0.006251514,0.00021117926,0.0036914349,0.15323967,0.0045651495,0.019520462,0.0036258101,0.003995478,0.00505057,0.00023785233,0.00047248602,0.005793482,0.006495632,5.8649064e-05
00025749_002.png,0.006027788,0.00080898404,0.0051543415,0.15158519,0.013179153,0.040074885,0.0027318,0.0048038065,0.005307883,0.00018027425,0.00066655874,0.0028576255,0.0053232247,0.00016949073
normal_1137.png,0.005610168,0.007033825,0.007426381,0.061162174,0.0033043623,0.0046818554,0.0013665855,0.0168086,0.005189657,0.0017156601,0.009225965,0.00049239397,0.0014724784,2.7963808e-05
normal_725.png,0.008661211,0.015806526,0.010076404,0.14147213,0.005892724,0.046981186,0.0062114,0.0065288544,0.006909251,0.0017048419,0.0025793612,0.010697544,0.010910162,0.00014385725
normal_1508.jpeg,0.0055757463,0.0037136972,0.007270932,0.078156024,0.052765936,0.011718869,0.003059864,0.006550193,0.017574906,0.0014047623,0.0010283887,0.0018170774,0.0055411886,6.425609e-05
normal_1195.png,0.004401505,0.020602465,0.0067159534,0.128153,0.0020011365,0.0055480897,0.0015432537,0.0017267466,0.0031392872,0.00018721819,0.00017258525,0.0009672344,0.0021067525,5.4489836e-05
00025663_000.png,0.00790441,0.010914922,0.009178549,0.15475965,0.0019365251,0.00964275,0.0028659701,0.0034586787,0.003894329,0.0005235076,0.00014331937,0.0015440881,0.002676215,3.3594933e-05
normal_101.png,0.008284211,0.015532523,0.011465669,0.17574403,0.006365657,0.018475413,0.009830058,0.03733784,0.020058453,0.023145229,0.006990701,0.0027754605,0.0042293263,1.5417701e-05
00028071_003.png,0.3182107,0.0035930872,0.034857363,0.2413528,0.023726821,0.020867258,0.012022972,0.030318141,0.053203315,0.023032218,0.015430331,0.001155585,0.0056958767,0.00033767795
normal_1082.png,0.010939926,0.11962837,0.034010172,0.046587855,0.03357762,0.011951715,0.0013750792,0.011362225,0.005402833,0.0005093217,0.012377977,0.011305362,0.022888325,0.0016976859
covid_426.png,0.015175134,0.00032150745,0.011951119,0.095519155,0.011775583,0.02534768,0.0030265749,0.47638676,0.014775842,0.0020970404,0.18150291,0.0016863346,0.006008751,4.255423e-05
normal_1475.jpeg,0.009521663,0.009000987,0.010974944,0.083227485,0.09958252,0.028519183,0.0027127266,0.0068643987,0.013954073,0.0003902912,0.0076729953,0.020887047,0.03598201,0.0015763614
00025787_051.png,0.03766027,0.0030608177,0.06544143,0.4905857,0.007709652,0.08801186,0.02395469,0.4980258,0.03175223,0.036406636,0.23848838,0.0028340816,0.012318022,7.1523086e-06
00025787_050.png,0.014546156,0.0016364753,0.02794522,0.4753941,0.015183866,0.21258885,0.04358825,0.06998959,0.04573071,0.06437835,0.013846219,0.015470117,0.015418579,1.4454266e-05
00025670_000.png,0.068651885,0.014087707,0.03769073,0.15916243,0.03125891,0.10575917,0.013008952,0.069429696,0.019106716,0.0030413866,0.017137289,0.049943388,0.039769206,0.004662617
normal_520.png,0.0055232644,0.044778466,0.013394535,0.11332175,0.004194349,0.006631553,0.0015237629,0.0019062161,0.0034894347,0.00024297833,0.0003003478,0.0013954341,0.002083169,0.00015065818
00025787_054.png,0.030077696,0.0014385879,0.042648673,0.36903328,0.013457477,0.11674419,0.013600439,0.5637189,0.029086232,0.01749432,0.20507792,0.0068832934,0.019138075,1.5706826e-05
normal_1169.png,0.013713956,0.0018723905,0.022888094,0.09132594,0.019841403,0.014282912,0.0032442808,0.038034976,0.015223861,0.0025794506,0.016323805,0.0021911263,0.010724796,0.000107703105
00028837_001.png,0.029378235,0.00081834197,0.014549255,0.0789347,0.06484538,0.061326742,0.004175961,0.006877184,0.012903601,0.0008608401,0.013621539,0.0118664205,0.023453854,0.0035984358
00025664_028.png,0.35016745,0.03387934,0.6154311,0.4080438,0.016344458,0.019630134,0.014047712,0.03562355,0.2498242,0.023187637,0.0023647249,0.00040075183,0.02034499,0.0001100437
00008045_003.png,0.1195994,0.0019904077,0.08480042,0.06502503,0.017764777,0.039532065,0.00345847,0.01403901,0.0069232285,0.00023764372,0.030087322,0.044376463,0.04784818,0.016379623
00025774_000.png,0.004799247,0.0010486841,0.004300505,0.13757998,0.008014947,0.03630656,0.0023979545,0.0048545897,0.004794121,0.00023505092,0.00029742718,0.0022731125,0.0035155453,8.383975e-05
normal_242.png,0.0034054816,0.0023533404,0.0058380365,0.13128245,0.005534053,0.01563415,0.0038829744,0.007872254,0.0072152913,0.0008381009,0.00042834878,0.002769649,0.003680664,2.352252e-05
normal_939.png,0.008343697,0.083177626,0.0289855,0.14523661,0.004438758,0.00806132,0.004362732,0.0593265,0.014829189,0.008294076,0.014352441,0.002187848,0.0065266187,4.6698577e-05
normal_619.png,0.012891173,0.01355347,0.021413565,0.11434138,0.024920434,0.012547433,0.0036510527,0.24383539,0.017784387,0.0051383674,0.1466333,0.002095282,0.013570144,7.621098e-05
00025667_000.png,0.25919062,0.05683297,0.073895246,0.15447098,0.013692796,0.0440228,0.014495462,0.0336231,0.016294986,0.0024201274,0.010710776,0.061154097,0.043368578,0.018167624
normal_1259.png,0.009003401,0.09425175,0.020731032,0.08293891,0.011095941,0.013505638,0.0040767193,0.0051139593,0.007924378,0.0023691952,0.001498431,0.006184548,0.0102113,0.000203205
00025800_003.png,0.11344695,0.0007760823,0.12226051,0.09408581,0.03610331,0.04412371,0.0036865175,0.5654466,0.015612483,0.00091329217,0.11449957,0.011502296,0.07613347,0.001124782
normal_881.png,0.006185591,0.03151229,0.013862461,0.1125654,0.013074666,0.019552976,0.0060217083,0.105199516,0.01441139,0.007517427,0.02943796,0.0070400536,0.012262129,5.8991394e-05
normal_610.png,0.012111217,0.18140662,0.04461333,0.15831509,0.024393588,0.016718954,0.00635916,0.09949866,0.031230569,0.01934269,0.059498757,0.004568666,0.012956322,0.00016710245
00025681_001.png,0.38558882,0.0069341958,0.37718782,0.17900395,0.014512181,0.024822563,0.019050092,0.0110016465,0.040058553,0.002477765,0.0033200383,0.005061388,0.014795226,0.0061295778
00025746_005.png,0.21749857,0.04215622,0.49250263,0.5075456,0.020392686,0.02741447,0.030542344,0.01307109,0.23183376,0.07276717,0.0007033944,0.0008793771,0.025478784,4.6139183e-05
normal_1546.jpeg,0.0029262304,0.0028335452,0.004417151,0.08636618,0.0031233728,0.0065310895,0.0023609102,0.003088951,0.0053138137,0.00057053566,0.0001283288,0.0008458793,0.0014601668,1.182886e-05
covid_71.png,0.015911251,0.00027543306,0.040531874,0.18375579,0.057990402,0.387694,0.007809162,0.12018895,0.025964677,0.007268667,0.010929823,0.050155073,0.07731293,7.470155e-05
00025684_000.png,0.068282455,0.58616424,0.34273756,0.2874263,0.008900911,0.020710051,0.026000828,0.006084949,0.050173074,0.10566616,0.0011201501,0.01131624,0.024146752,0.00025134083
normal_1011.png,0.012655765,0.008458763,0.017510861,0.15965226,0.007414311,0.023943096,0.006525576,0.070869565,0.011931151,0.0072293878,0.023412347,0.0036922991,0.009656106,7.044365e-05
00005538_001.png,0.457403,0.020787895,0.32538784,0.15392566,0.009967148,0.0057151616,0.0073901415,0.026418805,0.12979361,0.008254737,0.008664072,0.0007790923,0.0057734135,0.0006631871
covid_471.jpg,0.41267583,0.04209444,0.050258458,0.12140465,0.030210823,0.049109906,0.0130597055,0.016109467,0.019777417,0.0008134842,0.0232656,0.094875336,0.045795273,0.070838876
normal_1452.jpeg,0.006130278,0.0034569502,0.0072069466,0.14571577,0.02061668,0.05397424,0.0033022761,0.01391381,0.0076178014,0.00047713518,0.0101518035,0.01298207,0.02007594,0.00034554923
00025787_061.png,0.0022632778,0.0036348104,0.051578403,0.51423115,0.0055229664,0.105018765,0.048489004,0.12929901,0.046789497,0.14442548,0.016502172,0.008153528,0.016288366,2.9545555e-07
00025695_014.png,0.32241985,0.005856365,0.21213657,0.28237534,0.024613917,0.04593095,0.028923512,0.046678305,0.11206108,0.018801361,0.029148877,0.015029073,0.027775096,0.0022486344
normal_783.png,0.006463945,0.013729095,0.006700784,0.08015379,0.010706574,0.011686623,0.0036512315,0.0077813864,0.0102081,0.003434062,0.0015790164,0.0023293197,0.004592207,5.169986e-05
00025730_000.png,0.015829414,0.060432523,0.0297378,0.13910422,0.0051892996,0.031086147,0.0043342113,0.0073595047,0.0052627027,0.0010937452,0.0023839474,0.0146020055,0.013466653,0.00062861864
normal_516.png,0.015829325,0.05153793,0.019658804,0.10291916,0.013585329,0.014534801,0.0034447014,0.067294955,0.011168927,0.00395751,0.054621994,0.005096704,0.017243579,0.00030280533
normal_1451.jpeg,0.003070891,0.00053685904,0.0046340227,0.1348517,0.0080887675,0.04458055,0.0046381354,0.009923279,0.0076673627,0.0012254417,0.0007700026,0.0074588656,0.00868239,2.380528e-05
00026478_001.png,0.28161913,0.006789863,0.33159932,0.4076212,0.11098367,0.11129221,0.03413081,0.01988262,0.20571315,0.042501032,0.005989909,0.0022612512,0.016696583,0.00065700524
covid_28.png,0.39087537,0.04122424,0.04857701,0.120578706,0.030044883,0.049933344,0.012547404,0.01690954,0.01876399,0.00080120564,0.025182843,0.09215981,0.047700867,0.0700279
normal_470.png,0.0052616596,0.1747734,0.025800973,0.088292,0.0013383329,0.0042905807,0.002730459,0.0044279695,0.006486565,0.0048287213,0.00073596835,0.0016768575,0.0026266074,3.1038508e-05
normal_118.png,0.0090198815,0.00694257,0.017929792,0.09960392,0.07243273,0.013319075,0.0060813725,0.01188162,0.031828225,0.0046397448,0.0012765825,0.0033661425,0.010260615,6.585925e-05
covid_47.png,0.005471945,0.0010781288,0.0016418695,0.02879116,0.011110932,0.01836723,0.0010022223,0.0016164184,0.0027270317,0.000354141,0.0001373887,0.00076690316,0.0016873144,3.359183e-05
00006792_003.png,0.17176834,0.0010319352,0.015149593,0.20403025,0.010076821,0.026567042,0.010093421,0.043201387,0.025696903,0.01849389,0.03879559,0.0012996793,0.0050616716,0.00018338548
00018944_012.png,0.14983177,0.03577262,0.021589428,0.16829875,0.004846543,0.032043606,0.00986129,0.0011234581,0.012661099,0.0037608445,0.00057297945,0.0055304766,0.007068305,0.0015049113
00025787_037.png,0.022041231,0.0040203333,0.23019937,0.5266699,0.010404348,0.061161935,0.022412539,0.29904982,0.07245934,0.037912577,0.04414925,0.0040023327,0.031524178,4.4545886e-06
normal_586.png,0.012420028,0.013518095,0.01421535,0.13355535,0.01828301,0.016136646,0.005807936,0.085458785,0.019609928,0.007028252,0.030418456,0.0040406287,0.012300746,9.969322e-05
00025707_000.png,0.036192864,0.00043049455,0.014883727,0.12457901,0.072823465,0.24822527,0.0043829978,0.07404366,0.014551789,0.0007466674,0.028665721,0.019370705,0.02405615,0.0028147467
normal_1361.jpeg,0.004045218,0.00011870265,0.0022560656,0.14728224,0.005402118,0.031796873,0.0029669404,0.0073186755,0.005493313,0.00027257204,0.0007891655,0.004597634,0.0057556927,5.5899316e-05
covid_218.png,0.08982608,0.030463368,0.35589373,0.33877355,0.066293746,0.099713326,0.034839332,0.03786072,0.08584526,0.04601097,0.009989411,0.054587156,0.1522901,0.0012582408
covid_178.png,0.19878882,0.057816297,0.08095196,0.26349145,0.12093899,0.090741575,0.028719455,0.13644639,0.073477745,0.015732348,0.07140219,0.033287168,0.05180317,0.007155603
normal_956.png,0.015789628,0.00022023916,0.02278012,0.08826959,0.05268252,0.017926127,0.0054434836,0.059415728,0.031968743,0.0023844838,0.0076515675,0.014216393,0.035501294,6.727529e-05
normal_1505.jpeg,0.0027195215,0.0011065304,0.0028533936,0.09600705,0.0029353201,0.005641043,0.0015645921,0.0025748909,0.0043725073,0.00016155839,0.00012275577,0.0005259812,0.001190609,1.0575855e-05
00025754_009.png,0.21895114,0.013213813,0.13276017,0.5894266,0.026383072,0.09651443,0.07971859,0.009423703,0.1437648,0.07682338,0.0010117292,0.0055609047,0.015465296,0.00014301624
covid_367.jpeg,0.018749654,0.15098393,0.052046597,0.44701725,0.034734935,0.08352506,0.04513964,0.22443485,0.057563424,0.065772295,0.06724024,0.018629968,0.030935453,8.622944e-05
normal_684.png,0.008497506,0.10137227,0.028743804,0.079181015,0.0025015175,0.0061005354,0.0023317337,0.007137209,0.004535377,0.0018604398,0.0025272667,0.0033094287,0.0061034863,0.00011259663
covid_107.png,0.013774425,0.00030961633,0.01145193,0.092142195,0.019129306,0.023826778,0.0034763813,0.47080162,0.019379884,0.0015795231,0.173731,0.0032227337,0.009852228,6.395118e-05
covid_446.jpg,0.0051397383,0.0011156499,0.0016685426,0.031333923,0.0076560676,0.015452921,0.0010350347,0.0016940832,0.002572,0.0003758371,0.00012257695,0.0007510185,0.0015304886,2.6082793e-05
00025768_007.png,0.026830584,0.015183598,0.046052605,0.35034937,0.037361115,0.27883822,0.060295194,0.010736406,0.051305324,0.049010754,0.0023213625,0.096137404,0.03897576,0.00020652307
00025686_001.png,0.031488597,4.8309565e-05,0.007644862,0.17568716,0.014159292,0.06789577,0.0072547197,0.015494555,0.011059463,0.0006814003,0.015134335,0.019385427,0.027867746,0.0005051358
00025781_002.png,0.012208402,0.00013175607,0.0027578175,0.1831964,0.007427454,0.030539662,0.004833758,0.005495161,0.0077700913,0.00024938583,0.0013490319,0.008548021,0.010354256,0.00016567236
00025787_021.png,0.0013646781,0.007136166,0.032124817,0.49344477,0.0065923333,0.08130419,0.050734162,0.28994504,0.04401034,0.0824227,0.027886003,0.005487561,0.013712179,1.5794403e-07
normal_1551.jpeg,0.005970031,0.01647678,0.009609342,0.115181595,0.0033226907,0.0066041052,0.004258096,0.023745298,0.014258981,0.005716741,0.0031798184,0.0015536249,0.002713675,1.9508465e-05
covid_455.jpg,0.059936374,0.00530079,0.25452068,0.48540464,0.045107037,0.044873565,0.042864442,0.031159788,0.18339288,0.09148133,0.0057679117,0.0025431216,0.012904143,2.856593e-05
00005442_005.png,0.02585733,0.0010461211,0.03742969,0.25166136,0.018943667,0.1665982,0.024903148,0.009872198,0.0342274,0.071528554,0.0029225945,0.022015661,0.025394958,3.2347376e-05
covid_115.png,0.053656578,0.017191648,0.069278896,0.5075349,0.11212081,0.22809598,0.054552972,0.008818328,0.1091674,0.08505592,0.0012836456,0.0065464973,0.0157949,9.5475254e-05
normal_1224.png,0.020167738,0.012002856,0.032037854,0.05416882,0.10438377,0.0134271085,0.0029293597,0.016147137,0.025708467,0.0020682514,0.016968697,0.0049735606,0.017511403,0.0006120297
normal_710.png,0.02445969,0.00078880787,0.03931907,0.04330638,0.24564049,0.018469691,0.002307117,0.007941097,0.035015374,0.0010742843,0.01126045,0.0036844015,0.013105652,0.00044618009
covid_268.jpg,0.08644751,0.06572944,0.07801661,0.22248954,0.012656033,0.025922805,0.017244935,0.008782029,0.039375782,0.041240454,0.002189517,0.010098606,0.015307763,0.00031517626
00025787_053.png,0.01548326,0.0027785897,0.050202966,0.45745584,0.0082348585,0.10905385,0.020702511,0.43706635,0.030651093,0.038623244,0.09199023,0.004189372,0.012538513,3.5364544e-06
normal_322.png,0.0028056502,0.01580286,0.0063732266,0.08484429,0.0024040043,0.0075805783,0.0020730495,0.0034006536,0.0041618645,0.000379771,0.0004515648,0.003280729,0.0037104685,3.0587024e-05
normal_897.png,0.019508451,0.004127115,0.0130569935,0.14920825,0.005435914,0.011754423,0.0063894987,0.017350316,0.014559984,0.006062329,0.0051713586,0.0014316142,0.0046449513,8.6130975e-05
normal_676.png,0.0037195086,0.0031763911,0.0030202568,0.08048102,0.0053091347,0.009791017,0.0019006431,0.0034078956,0.004851252,0.0003285706,0.0005969405,0.0024801195,0.003574848,4.47528e-05
00025787_002.png,0.006000817,0.008931905,0.20653144,0.4631218,0.02354768,0.18996212,0.05657187,0.05841902,0.06278396,0.095951945,0.0034219623,0.01471588,0.035958946,2.7220146e-06
normal_247.png,0.0052495003,0.020227253,0.011416733,0.086480916,0.00068050623,0.003409326,0.0021284819,0.0026606917,0.0033549964,0.0023285747,0.00035980344,0.0003760457,0.00087109173,8.323267e-06
00025680_009.png,0.04449466,0.00029316545,0.033145964,0.18660906,0.05352661,0.07079971,0.01848507,0.039794475,0.037153482,0.0029619634,0.0078803,0.053606153,0.065241314,0.0007235907
normal_462.png,0.0032733977,0.023916364,0.008629143,0.06788823,0.0017689764,0.0058941245,0.00220415,0.0061846673,0.0043515563,0.0018503666,0.00061684847,0.0014179349,0.0023535432,1.2403591e-05
normal_1299.png,0.005975157,0.016457468,0.012440503,0.071876824,0.011691242,0.007759124,0.0028011203,0.0333398,0.0110298395,0.0038105845,0.01125139,0.0026121736,0.008614571,3.63788e-05
00025787_019.png,0.010864586,0.003509283,0.09510288,0.49058655,0.01281628,0.09841409,0.028573722,0.29317373,0.05881986,0.036830574,0.06469542,0.01643771,0.034713,7.837923e-06
00027631_007.png,0.28512514,0.0017389953,0.030990392,0.2162278,0.014320195,0.059361458,0.021992832,0.0052368343,0.031798333,0.014846474,0.0017965138,0.0036677718,0.0064804917,0.00040354216
00025707_017.png,0.07768926,0.0030772388,0.60455674,0.14106265,0.35787025,0.5305007,0.011705369,0.1625798,0.057163507,0.013381779,0.009702057,0.011486948,0.06615858,0.00095711794
00025713_000.png,0.008717716,0.0039305985,0.0041300356,0.13939461,0.0025800765,0.018714458,0.0020963848,0.0033040643,0.0030345917,0.0002245903,0.00064110756,0.003985435,0.004968691,0.00021072807
normal_244.png,0.011176199,0.0021687448,0.00924921,0.080064535,0.2580297,0.020814538,0.0036159456,0.0059009492,0.030522794,0.0017350614,0.0012439489,0.001998365,0.007377682,0.0001327668
normal_952.png,0.010524124,0.00043439865,0.006520033,0.13654143,0.025569886,0.03325531,0.008840203,0.060759366,0.029296756,0.0030379295,0.013910532,0.03191021,0.037517544,7.763933e-05
